2019-04-19 10:28:08,"Montr√©al, Qu√©bec",1,5,I thought they were talking about the battery life when it said the Samsung Fold won't last a day,"[[[-73.972965, 45.410095], [-73.473085, 45.410095], [-73.473085, 45.705566], [-73.972965, 45.705566]]]","Montr√©al, Qu√©bec",Canada,CA,city

2019-04-19 10:17:25,"Bloemfontein, South Africa",583,1429,@Sk8er_F @PearlThusi @HuaweiZA But bro... you have to remember these brands have different annual release dates/mon‚Ä¶ https://t.co/U9cDmFQ0sv,"[[[26.0019056, -29.2319585], [26.4243136, -29.2319585], [26.4243136, -28.9812176], [26.0019056, -28.9812176]]]","Bloemfontein, South Africa",South Africa,ZA,city

2019-04-19 10:06:34,"Bloemfontein, South Africa",583,1429,"@Sk8er_F @PearlThusi @HuaweiZA The ‚Äúonly the camera‚Äù saying was just a double entendre mate üòÇ. I gotta admit, there‚Ä¶ https://t.co/RTCVO4vPar","[[[26.0019056, -29.2319585], [26.4243136, -29.2319585], [26.4243136, -28.9812176], [26.0019056, -28.9812176]]]","Bloemfontein, South Africa",South Africa,ZA,city

2019-04-19 09:55:39,"California, USA",1099,4375,"Top 10 #Printer #Brands? Let's Share your Opinion.
 
‚û°Ô∏è HP
‚û°Ô∏è CANON
‚û°Ô∏è EPSON
‚û°Ô∏è BROTHER
‚û°Ô∏è LEXMARK
‚û°Ô∏è DELL
‚û°Ô∏è SAMSU‚Ä¶ https://t.co/cJr0uBqYd1","[[[-124.482003, 32.528832], [-114.131212, 32.528832], [-114.131212, 42.009519], [-124.482003, 42.009519]]]","California, USA",United States,US,admin

2019-04-19 09:52:54,"London, England",431,674,@BenObi2000 @SnazzyQ @Vortex__Zero @iFixit @ZacksJerryRig I'm just going by the biggest phone repair YouTuber out t‚Ä¶ https://t.co/6iiCdEiEqJ,"[[[-0.245869, 51.330352], [-0.117306, 51.330352], [-0.117306, 51.3934428], [-0.245869, 51.3934428]]]","Sutton, London",United Kingdom,GB,city

2019-04-19 09:48:11,University of the Philippines,670,578,"After 10 years, support for Windows 7 will cease on 14 January 2020. This means no more software and security updat‚Ä¶ https://t.co/ZJox64l7SV","[[[120.989705, 14.5893763], [121.1357656, 14.5893763], [121.1357656, 14.7766484], [120.989705, 14.7766484]]]","Quezon City, National Capital Region",Republic of the Philippines,PH,city

2019-04-19 09:27:21,"Kolkata, India",149,684,Kuchh toh #LOG kahenge || Don't forget to watch my latest psychological thriller short film PARANOIA and share your‚Ä¶ https://t.co/LpVmUJPNsT,"[[[73.8031065, 18.4571648], [73.9656571, 18.4571648], [73.9656571, 18.5843633], [73.8031065, 18.5843633]]]","Pune, India",India,IN,city

2019-04-19 09:09:02,"New Delhi, India",561,2408,"@Samsung Android Pie Update

‚òÜ APRIL 2019 ~ SAMSUNG
‚ñ™J 2
‚ñ™J 2 +
‚ñ™J 4
‚ñ™J 4 +
‚ñ™J 6
‚ñ™J 6 +
‚ñ™J 7 Prime
‚ñ™On 7 Prime
‚ñ™On‚Ä¶ https://t.co/Nrxl1v74uX","[[[76.84252, 28.397657], [77.347652, 28.397657], [77.347652, 28.879322], [76.84252, 28.879322]]]","New Delhi, India",India,IN,city

2019-04-19 09:04:36,"Barnsley, South Yorkshire",1705,1010,"#Easter #Sale
1 - #XboxOne #Minecraft pad &amp; 1 month @XboxGamePass ONLY ¬£39.99!
2 - 10% off selected #NintendoSwitch‚Ä¶ https://t.co/pQhyOJKZ0T","[[[-1.535204, 53.525812], [-1.410359, 53.525812], [-1.410359, 53.590791], [-1.535204, 53.590791]]]","Barnsley, England",United Kingdom,GB,city

2019-04-19 08:49:13,"Bonn, Deutschland",51,59,Samsung is so trash omg https://t.co/pjtdHV9Tkj,"[[[7.022472, 50.632531], [7.2107005, 50.632531], [7.2107005, 50.774412], [7.022472, 50.774412]]]","Bonn, Germany",Germany,DE,city

2019-04-19 08:38:12,Lilongwe District,782,241,"@snapdragon_88 Probably initial ones; the full reviews haven‚Äôt been done yet.

Interesting how it will fair conside‚Ä¶ https://t.co/QJ2UXRW2PL","[[[32.6718934, -17.1276504], [35.92038, -17.1276504], [35.92038, -9.3670837], [32.6718934, -9.3670837]]]",Malawi,Malawi,MW,country

2019-04-19 08:37:40,"Patna, India",57,20,Techno Ruhez Unboxed Samsung BrandNew Television Video link https://t.co/GtZTHdkVYY via @AmreliaRuhez‚Ä¶ https://t.co/RBiYxp9Foh,"[[[72.74484, 18.845343], [73.003648, 18.845343], [73.003648, 19.502937], [72.74484, 19.502937]]]","Mumbai, India",India,IN,city

2019-04-19 08:18:47,USA / Los Angeles,604,588,"We Could Be Together #Loudness
üì∑
#Photgraphs #Temple #Japanese #Garden #Bellagio #Samsung #Art @ Bellagio Las Vegas https://t.co/LbVI3AvaZj","[[[-115.2092535, 35.984784], [-115.0610763, 35.984784], [-115.0610763, 36.137145], [-115.2092535, 36.137145]]]","Paradise, NV",United States,US,city

2019-04-19 08:13:11,Liverpool,119,124,This Samsung fold reminds me of the old rubiks magic üòÇ,"[[[-3.008791, 53.36489], [-2.822063, 53.36489], [-2.822063, 53.474867], [-3.008791, 53.474867]]]","Liverpool, England",United Kingdom,GB,city

2019-04-19 08:10:46,"Hamburg, DE",11546,27,"#galaxyfold to early???
#smartphone #Samsung","[[[54.8939725, 24.6182526], [56.2083722, 24.6182526], [56.2083722, 25.3686719], [54.8939725, 25.3686719]]]","Dubai, United Arab Emirates",United Arab Emirates,AE,admin

2019-04-19 08:09:56,United Kingdom,3911,3213,"Cracking job üòâ

https://t.co/ilwtrmAPww","[[[-0.39216, 51.391383], [-0.221832, 51.391383], [-0.221832, 51.489646], [-0.39216, 51.489646]]]","Richmond, London",United Kingdom,GB,city

2019-04-19 08:06:56,"West Covina, California",224,224,Woooow I really want that Samsung Galaxy Fold it‚Äôs so niceee,"[[[-117.927041, 34.068114], [-117.836898, 34.068114], [-117.836898, 34.106972], [-117.927041, 34.106972]]]","Covina, CA",United States,US,city

2019-04-19 07:52:21,"Dublin, Ireland",900,834,@TheNewGirlNH I had the first Huawei phone and it was the best camera ever! My sister has the P10 and it also has t‚Ä¶ https://t.co/WOpc06AylU,"[[[-6.5468143, 53.178753], [-6.252228, 53.178753], [-6.252228, 53.3682523], [-6.5468143, 53.3682523]]]","South Dublin, Ireland",Ireland,IE,city

2019-04-19 07:45:40,bangalore,103,914,"@Samsung_IN Thank you for the amazing contest @Samsung_IN 
Wish to Win. #UnboxMagicEveryday","[[[76.648499, 16.190512], [76.673823, 16.190512], [76.673823, 16.20626], [76.648499, 16.20626]]]","Hatti, India",India,IN,city

2019-04-19 07:43:21,New Delhi,45,112,"@SamsungPay @RBI , Today i see reward point in Samsung Pay against any transaction i am not sure when i called supp‚Ä¶ https://t.co/M2T4bhGBWL","[[[76.84252, 28.397657], [77.347652, 28.397657], [77.347652, 28.879322], [76.84252, 28.879322]]]","New Delhi, India",India,IN,city

2019-04-19 07:32:58,"Ikeja, Nigeria",464,685,"FULL PRICE LIST FOR UK USED IPHONE &amp; SAMSUNG 
iPhone 5s 16gb.................35k
iPhone 6  16......................‚Ä¶ https://t.co/7dSWnoxdVv","[[[3.198942, 6.4826762], [3.43719, 6.4826762], [3.43719, 6.6985461], [3.198942, 6.6985461]]]","Ikeja, Nigeria",Nigeria,NG,city

2019-04-19 07:26:54,clouds,284,471,The reviews are in and Samsung Fold is apparently breaking/malfunctioning already.,"[[[126.0411357, 7.2724743], [126.3127449, 7.2724743], [126.3127449, 7.4354024], [126.0411357, 7.4354024]]]","Maragusan, Davao Region",Republic of the Philippines,PH,city

2019-04-19 07:24:04,"Sant Antoni de Portmany, Spain",1498,555,@_MzlivieBaby_ No my Samsung S10+ lasts so long and I refuse to update my iPhone iOS üòÇ,"[[[-2.454026, 53.4163477], [-2.245107, 53.4163477], [-2.245107, 53.5342592], [-2.454026, 53.5342592]]]","Salford, England",United Kingdom,GB,city

2019-04-19 07:22:34,Seychelles ,171,197,"@SuperSaf Incomplete project,Samsung should just go back and have a rethink","[[[50.719634, -9.5437546], [56.2947885, -9.5437546], [56.2947885, -3.7122978], [50.719634, -3.7122978]]]",Seychelles,Seychelles,SC,country

2019-04-19 07:20:52,"Port Elizabeth, South Africa",460,691,"These Samsung  screen repair cost are out of this world , might as well buy a good phone for the same price of a mere screen","[[[25.406293, -34.0504982], [25.7043392, -34.0504982], [25.7043392, -33.7646257], [25.406293, -33.7646257]]]","Port Elizabeth, South Africa",South Africa,ZA,city

2019-04-19 07:10:54,"Chino Hills, CA",330,739,The Samsung Galaxy Fold is such a beaut üòç‚ú®,"[[[123.9086254, 10.2035208], [124.0725263, 10.2035208], [124.0725263, 10.3342405], [123.9086254, 10.3342405]]]","Lapu-Lapu City, Central Visayas",Republic of the Philippines,PH,city

2019-04-19 07:08:28,I have a girlfriend thanks üôè,7023,801,Samsung inaccuracy tho. Is why their product is always dropping https://t.co/hxo0cpjCes,"[[[3.2131467, 6.4278856], [3.4640641, 6.4278856], [3.4640641, 6.5583389], [3.2131467, 6.5583389]]]","Lagos, Nigeria",Nigeria,NG,city

2019-04-19 07:07:43,"Lagos, Nigeria",1678,4601,"@TheIfunanya The Samsung has higher work rate than iPhone. In terms of graphics designs Samsung comes first , as so‚Ä¶ https://t.co/Nw0zaM2Zzc","[[[3.198942, 6.4826762], [3.43719, 6.4826762], [3.43719, 6.6985461], [3.198942, 6.6985461]]]","Ikeja, Nigeria",Nigeria,NG,city

2019-04-19 07:07:34,Lagos; southwest Nigeria ,2139,2305,"@trending_medic Naa the real crises were the company losses, the devices were not selling. The try to reinvent merg‚Ä¶ https://t.co/9SJFN06dZv","[[[3.198942, 6.4826762], [3.43719, 6.4826762], [3.43719, 6.6985461], [3.198942, 6.6985461]]]","Ikeja, Nigeria",Nigeria,NG,city

2019-04-19 07:05:02,"Sulya, India",0,0,"SAMSUNG GALAXY J8 Mobile Back Cover
Material: Plastic

Size: Exact Fit to Mobile 

Description: It Has 1 Piece Of S‚Ä¶ https://t.co/xhyIGWXXr7","[[[74.050963, 11.582378], [78.588295, 11.582378], [78.588295, 18.476736], [74.050963, 18.476736]]]","Karnataka, India",India,IN,admin

2019-04-19 07:04:37,"Sulya, India",0,0,"SAMSUNG GALAXY J8 Mobile Back Cover
Material: Plastic

Size: Exact Fit to Mobile 

Description: It Has 1 Piece Of S‚Ä¶ https://t.co/ytUKF94mK3","[[[74.050963, 11.582378], [78.588295, 11.582378], [78.588295, 18.476736], [74.050963, 18.476736]]]","Karnataka, India",India,IN,admin

2019-04-19 07:04:06,"Sulya, India",0,0,"SAMSUNG GALAXY J8 Mobile Back Cover
Material: Plastic

Size: Exact Fit to Mobile 

Description: It Has 1 Piece Of S‚Ä¶ https://t.co/LMUJXeR9qX","[[[74.050963, 11.582378], [78.588295, 11.582378], [78.588295, 18.476736], [74.050963, 18.476736]]]","Karnataka, India",India,IN,admin

2019-04-19 07:03:39,"Sulya, India",0,0,"SAMSUNG GALAXY J8 Mobile Back Cover
Material: Plastic

Size: Exact Fit to Mobile 

Description: It Has 1 Piece Of S‚Ä¶ https://t.co/mDiMcYyFT9","[[[74.050963, 11.582378], [78.588295, 11.582378], [78.588295, 18.476736], [74.050963, 18.476736]]]","Karnataka, India",India,IN,admin

2019-04-19 07:03:05,"Sulya, India",0,0,"SAMSUNG GALAXY J8 Mobile Back Cover
Material: Plastic

Size: Exact Fit to Mobile 

Description: It Has 1 Piece Of S‚Ä¶ https://t.co/sZCCQEI5jr","[[[74.050963, 11.582378], [78.588295, 11.582378], [78.588295, 18.476736], [74.050963, 18.476736]]]","Karnataka, India",India,IN,admin

2019-04-19 07:02:31,"Sulya, India",0,0,"SAMSUNG GALAXY J8 Mobile Back Cover
Material: Plastic

Size: Exact Fit to Mobile 

Description: It Has 1 Piece Of S‚Ä¶ https://t.co/x4BCLX3VkZ","[[[74.050963, 11.582378], [78.588295, 11.582378], [78.588295, 18.476736], [74.050963, 18.476736]]]","Karnataka, India",India,IN,admin

2019-04-19 07:00:51,"Saccolongo, Veneto",53,158,Samsung's curved 4K TV is on sale for half off ‚Äî save $720 at Walmart https://t.co/3xgdcEf7jl via @mashable,"[[[11.651027, 45.3160888], [11.768241, 45.3160888], [11.768241, 45.395359], [11.651027, 45.395359]]]","Teolo, Veneto",Italy,IT,city

2019-04-19 06:58:41,Lagos; southwest Nigeria ,2139,2305,@trending_medic Blackberry devices were not selling with the competition from iPhone and Samsung Android phones. Th‚Ä¶ https://t.co/HfJQEdMxzu,"[[[3.198942, 6.4826762], [3.43719, 6.4826762], [3.43719, 6.6985461], [3.198942, 6.6985461]]]","Ikeja, Nigeria",Nigeria,NG,city

2019-04-19 06:56:06,ùôΩùöäùöíùöõùöòùöãùöí,6403,959,@droid254 @jereoffishal @KibikuJnr Isn't that the Samsung Galaxy Fit?,"[[[33.9105011, -4.7672356], [41.8998666, -4.7672356], [41.8998666, 4.631608], [33.9105011, 4.631608]]]",Kenya,Kenya,KE,country

2019-04-19 06:53:12,"Mumbai, India",818,2181,"Gear for the summer‚òÄÔ∏è

@SamsungMobile @Samsung_IN  @FitbitIN @fitbit #FitbitVersaLite #GalaxyS10Plus #GalaxyBuds‚Ä¶ https://t.co/rOyqRnUl6n","[[[72.74484, 18.845343], [73.003648, 18.845343], [73.003648, 19.502937], [72.74484, 19.502937]]]","Mumbai, India",India,IN,city

2019-04-19 06:51:32,find me,486,750,there are so many cute wallpaper in samsung galaxy store,"[[[124.5826856, 6.2054362], [124.8739681, 6.2054362], [124.8739681, 6.4120133], [124.5826856, 6.4120133]]]","Surallah, Soccsksargen",Republic of the Philippines,PH,city

2019-04-19 06:44:48,"San Francisco, CA",20,154,@UnboxTherapy @Jon4Lakers @LewLater #Apple will be the winner in this giants battle with Samsung. It‚Äôs really clear‚Ä¶ https://t.co/dj8Ke7nbE2,"[[[-122.514926, 37.708075], [-122.357031, 37.708075], [-122.357031, 37.833238], [-122.514926, 37.833238]]]","San Francisco, CA",United States,US,city

2019-04-19 06:43:52,"Bengaluru, India",81,167,"Somebody is spreading Fake message in the name of Samsung  and asking for personal details.. @BlrCityPolice  
Kindl‚Ä¶ https://t.co/1hXPSlCi1w","[[[77.3305776, 12.731936], [77.7863188, 12.731936], [77.7863188, 13.1142933], [77.3305776, 13.1142933]]]","Bengaluru South, India",India,IN,city

2019-04-19 06:27:12,"Kuwait, Al-Qairawan",543,731,"Samsung Galaxy Fold Unboxing https://t.co/JOTEQpANux via @YouTube, #Samsung #SamsungGalaxyFold #Unboxing","[[[47.7294803, 29.3215658], [47.7918581, 29.3215658], [47.7918581, 29.3628627], [47.7294803, 29.3628627]]]","Jaber Al Ahmad City, Kuwait",Kuwait,KW,city

2019-04-19 06:27:04,"Shreveport, LA",51,309,This new Samsung update üî•üî•üî•,"[[[-93.74855, 32.419303], [-93.584206, 32.419303], [-93.584206, 32.630042], [-93.74855, 32.630042]]]","Bossier City, LA",United States,US,city

2019-04-19 06:16:34,Everywhere,3801,2300,Galaxy Fold: Samsung investigates as screens break in first days https://t.co/LV2ng6Wpwc,"[[[-2.779296, 53.4102828], [-2.680364, 53.4102828], [-2.680364, 53.484131], [-2.779296, 53.484131]]]","Saint Helens, England",United Kingdom,GB,city

2019-04-19 06:08:17,Rotherham,178,344,@sparkyuk11 @cutslasher @agilethumbs @wyamercy @StarLord_2003 @aignacio09 @markgurman I'm an astrophysicist. Samsun‚Ä¶ https://t.co/o35CayBNJ5,"[[[-1.3689068, 53.4495233], [-1.318947, 53.4495233], [-1.318947, 53.476793], [-1.3689068, 53.476793]]]","Rawmarsh, England",United Kingdom,GB,city

2019-04-19 06:04:56,Barranquilla - Colombia,698,164,I want to go back to iphone asap fuck this samsung shit lol,"[[[-74.9257650027657, 10.8695279953779], [-74.7741010007543, 10.8695279953779], [-74.7741010007543, 11.0466177617921], [-74.9257650027657, 11.0466177617921]]]","Barranquilla, Colombia",Colombia,CO,city

2019-04-19 06:03:40,"Seattle, WA                                           Retail Store Near You",334,323,"So the videos of the phones being folded over and over were???ü§≠

Samsung has a mess with the nearly $2,000 Galaxy F‚Ä¶ https://t.co/lm5byL7aHY","[[[-122.356239, 47.785059], [-122.3355952, 47.785059], [-122.3355952, 47.7996644], [-122.356239, 47.7996644]]]","Esperance, WA",United States,US,city

2019-04-19 06:00:05,"Bali, Indonesia",261,314,#twilight #sunset #beach #samsung #samsunga72017 #bali @ Discovery Shopping Mall https://t.co/XqTb7shi36,"[[[115.083847, -8.849261], [115.240267, -8.849261], [115.240267, -8.601695], [115.083847, -8.601695]]]","Kuta, Indonesia",Indonesia,ID,city

2019-04-19 05:59:56,,143,500,I want !!! Samsung Galaxy Fold Unboxing https://t.co/lu3FLWmHIN via @YouTube,"[[[-84.347226, 35.962375], [-84.1656902, 35.962375], [-84.1656902, 36.073648], [-84.347226, 36.073648]]]","Oak Ridge, TN",United States,US,city

2019-04-19 05:49:39,,275,243,I probably bought my Samsung tv back in 2012 and it works fine and all but this hoe updates just about everyday and‚Ä¶ https://t.co/pvnIOd2OWz,"[[[-95.823268, 29.522325], [-95.069705, 29.522325], [-95.069705, 30.1546646], [-95.823268, 30.1546646]]]","Houston, TX",United States,US,city

2019-04-19 05:38:29,"Hyderabad, India",5378,5628,"@Samsung_IN Thanks, team for organising superb contest","[[[78.426176, 17.234568], [78.770343, 17.234568], [78.770343, 17.495638], [78.426176, 17.495638]]]","Hayathnagar, India",India,IN,city

2019-04-19 05:10:47,India,43,118,"220 is love  ‚ù£Ô∏è‚ù£Ô∏è
#bike #pulsar #bajaj #pulsar220 #india #race #bikerlife #streetphotography #biswajeet_panda‚Ä¶ https://t.co/LBVqMu4q6m","[[[84.35093, 18.983882], [84.916407, 18.983882], [84.916407, 19.429849], [84.35093, 19.429849]]]","Brahmapur, India",India,IN,city

2019-04-19 05:05:04,Hamburg,85,68,"Hamburger #elbbr√ºcken üòä
.
. 
Photo by @Joshua_Sannmann
‚Ä¢‚Ä¢‚Ä¢‚Ä¢‚Ä¢‚Ä¢‚Ä¢‚Ä¢‚Ä¢‚Ä¢‚Ä¢‚Ä¢‚Ä¢‚Ä¢‚Ä¢‚Ä¢‚Ä¢‚Ä¢‚Ä¢‚Ä¢‚Ä¢‚Ä¢‚Ä¢‚Ä¢‚Ä¢‚Ä¢‚Ä¢‚Ä¢‚Ä¢‚Ä¢‚Ä¢‚Ä¢‚Ä¢‚Ä¢‚Ä¢
üì∑ Samsung Galaxy S9
üì∑ So‚Ä¶ https://t.co/hkvgXKkZSB","[[[8.4201604, 53.395118], [10.325199, 53.395118], [10.325199, 53.9646546], [8.4201604, 53.9646546]]]","Hamburg, Germany",Germany,DE,city

2019-04-19 05:00:50,"Piemonte, Italia",200,1413,"Galaxy Fold screen meltdown: What's happening with Samsung's foldable phone and what to do if your ordered one

https://t.co/llm7nVA0sZ","[[[11.2757081, 46.4449491], [11.4325935, 46.4449491], [11.4325935, 46.5301962], [11.2757081, 46.5301962]]]","Bolzano, Trentino-South Tyrol",Italy,IT,city

2019-04-19 04:47:50,bangalore,103,914,@Samsung_IN Superüëåüëå,"[[[76.648499, 16.190512], [76.673823, 16.190512], [76.673823, 16.20626], [76.648499, 16.20626]]]","Hatti, India",India,IN,city

2019-04-19 04:43:28,"Lahore, Pakistan",240,630,"In other news, people are taking off the protective film of their $2000 Samsung Fold's thinking it's a screen prote‚Ä¶ https://t.co/nSKLqxs8df","[[[69.328873, 27.708226], [75.382124, 27.708226], [75.382124, 34.019989], [69.328873, 34.019989]]]","Punjab, Pakistan",Pakistan,PK,admin

2019-04-19 04:22:00,"San Diego, Budapest, Bay Area",453,1301,"Hardware is hard. While the world takes turns to mocking @samsung for the issues with their #GalaxyFold, I'd pause‚Ä¶ https://t.co/pJVZCtRN2Q","[[[-117.282538, 32.53962], [-116.9274403, 32.53962], [-116.9274403, 33.0804044], [-117.282538, 33.0804044]]]","San Diego, CA",United States,US,city

2019-04-19 04:17:19,"Chicago, IL",1712,451,Oh Samsung https://t.co/ejr7UeUxZJ,"[[[-87.940033, 41.644102], [-87.523993, 41.644102], [-87.523993, 42.0230669], [-87.940033, 42.0230669]]]","Chicago, IL",United States,US,city

2019-04-19 04:15:58,"Morogoro, Tanzania",130,116,@SuperSaf Your a Samsung guys. You‚Äôd using anyway even if it would be brokenüòé,"[[[35.3247203, -9.9691514], [38.5661981, -9.9691514], [38.5661981, -5.7863682], [35.3247203, -5.7863682]]]","Morogoro, Tanzania",Tanzania,TZ,admin

2019-04-19 04:13:08,VA,402,337,I‚Äôd rather have an IPhone 5 than have a samsung droid bullshit 10xs or whatever tf they are called any day,"[[[-83.67529, 36.540739], [-75.16644, 36.540739], [-75.16644, 39.466012], [-83.67529, 39.466012]]]","Virginia, USA",United States,US,admin

2019-04-19 04:04:01,"Arlington, TX",2157,1803,Have y‚Äôall noticed that Apple waits for Samsung to come out with stuff and fuck it up and then Apple just copies th‚Ä¶ https://t.co/EMWgsIgRsU,"[[[-97.233811, 32.586565], [-97.037464, 32.586565], [-97.037464, 32.817135], [-97.233811, 32.817135]]]","Arlington, TX",United States,US,city

2019-04-19 04:03:43,"Chicago, IL",570,623,"No phone ever
.
.
.
.
Samsung.... https://t.co/jIlnjvwwke","[[[-87.940033, 41.644102], [-87.523993, 41.644102], [-87.523993, 42.0230669], [-87.940033, 42.0230669]]]","Chicago, IL",United States,US,city

2019-04-19 03:57:47,The York of New ,1134,1914,That foldable Samsung phone .. üëÄ,"[[[-74.026675, 40.683935], [-73.910408, 40.683935], [-73.910408, 40.877483], [-74.026675, 40.877483]]]","Manhattan, NY",United States,US,city

2019-04-19 03:26:27,Where your not.. Lol,218,1058,@Lizzy_Liz_Liz We have Samsung watches. We love them.,"[[[-118.111506, 33.8803098], [-118.041985, 33.8803098], [-118.041985, 33.934191], [-118.111506, 33.934191]]]","Norwalk, CA",United States,US,city

2019-04-19 03:11:58,,481,423,I've been doing all my filming on my Samsung Note-8 with some shots on my Gopro Hero 5 but now that I have this new‚Ä¶ https://t.co/6iRJCyUN0f,"[[[-80.1309396, 26.420813], [-80.05542, 26.420813], [-80.05542, 26.491482], [-80.1309396, 26.491482]]]","Delray Beach, FL",United States,US,city

2019-04-19 03:00:28,,209,555,"@waltmossberg @gruber wait, samsung is selling a half-baked product?  that‚Äôs unpossible!!!","[[[-85.751406, 42.883679], [-85.530877, 42.883679], [-85.530877, 43.029144], [-85.751406, 43.029144]]]","Grand Rapids, MI",United States,US,city

2019-04-19 02:37:18,"District of Columbia, USA/703",1065,1519,Samsung is about to shit on Apple ... the Galaxy S10 e mean af...üî•,"[[[-77.119401, 38.801826], [-76.909396, 38.801826], [-76.909396, 38.9953797], [-77.119401, 38.9953797]]]","Washington, DC",United States,US,city

2019-04-19 02:35:13,"Duque de Caxias,RJ",1033,1423,"Samsung Galaxy GramPrime

R$ 200,00

ZAP: (21) 99152-8895

#rj
#errejota
#celulares
#celularesbaratos
#celular‚Ä¶ https://t.co/I7pJ22zfUW","[[[-43.4161389, -22.8132778], [-43.1776054, -22.8132778], [-43.1776054, -22.475838], [-43.4161389, -22.475838]]]","Duque de Caxias, Brasil",Brazil,BR,city

2019-04-19 02:28:51,,21,0,DxOMark Mobile score of 112 ties the Samsung S10 5G with the Huawei P30 Pro for our very best score so far. The Sam‚Ä¶ https://t.co/umsLNDvAcl,"[[[72.697697, 20.79237], [73.126612, 20.79237], [73.126612, 21.07484], [72.697697, 21.07484]]]","Navsari, India",India,IN,city

2019-04-19 02:28:17,"Windsor, CO",53,129,"The Samsung Galaxy Fold vs. the Huawei Mate X. 

Which would you choose if you had too?

#SamsungGalaxyFold‚Ä¶ https://t.co/fax3CKZv1z","[[[-105.008977, 40.436985], [-104.874051, 40.436985], [-104.874051, 40.492648], [-105.008977, 40.492648]]]","Windsor, CO",United States,US,city

2019-04-19 02:26:11,Valpara√≠so,127,229,Sweet dreams #cochitul #instachile #chilegram #valpogram #insvalpo #s9plus #fotografiamovil #ilovesamsung‚Ä¶ https://t.co/gC95ACaSVY,"[[[-80.1148546, -33.2135539], [-71.3822309, -33.2135539], [-71.3822309, -26.2861129], [-80.1148546, -26.2861129]]]","Valpara√≠so, Chile",Chile,CL,city

2019-04-19 02:17:12,"Distrito Federal, M√©xico",16,146,Today's Sunset was awesome..... #godisgreat #samsung #galaxy #s10plus #withgalaxy #nofilterneeded @SamsungMobileUS https://t.co/OQfarOPi12,"[[[-97.4517694, 32.798381], [-97.4072836, 32.798381], [-97.4072836, 32.824562], [-97.4517694, 32.824562]]]","Lake Worth, TX",United States,US,city

2019-04-19 01:58:00,DEMA Headquarters,1002,365,@blurrryjay I have my Samsung buds. I'm not afraid https://t.co/EPr5KzIc3K,"[[[172.361529, -43.901673], [173.130204, -43.901673], [173.130204, -43.38989], [172.361529, -43.38989]]]","Christchurch City, New Zealand",New Zealand,NZ,city

2019-04-19 01:56:09,"√úT: -6.144999,106.717936",3150,156,The $2000 Samsung Galaxy Fold screen problem  https://t.co/MXEq959qcT,"[[[-74.026675, 40.683935], [-73.910408, 40.683935], [-73.910408, 40.877483], [-74.026675, 40.877483]]]","Manhattan, NY",United States,US,city

2019-04-19 01:39:01,looking for my keys,312,277,Ned Yost with the samsung spot üëë #Yosted,"[[[-111.960775, 33.4358637], [-111.756022, 33.4358637], [-111.756022, 33.842816], [-111.960775, 33.842816]]]","Scottsdale, AZ",United States,US,city

2019-04-19 01:18:09,,132,444,Gaming On The Samsung Galaxy Fold https://t.co/pHb9BytzO7 via @YouTube @RerezTV,"[[[-73.962582, 40.541722], [-73.699793, 40.541722], [-73.699793, 40.8000371], [-73.962582, 40.8000371]]]","Queens, NY",United States,US,city

2019-04-19 00:56:44,,0,6,@TMobile I like the t mobile is the best Internet and u only get a free phone only if u buy it it's a Samsung Galax‚Ä¶ https://t.co/1IhQo1Mg5e,"[[[-117.923259, 34.003576], [-117.88006, 34.003576], [-117.88006, 34.026435], [-117.923259, 34.026435]]]","South San Jose Hills, CA",United States,US,city

2019-04-19 00:53:58,,1417,290,"Watch ""How To Put Pics On Your Samsung Gear S3!"" on YouTube
https://t.co/oS7dFXnIUk https://t.co/Ar7PpTrwRe","[[[-97.129669, 32.8785707], [-97.029639, 32.8785707], [-97.029639, 32.985097], [-97.129669, 32.985097]]]","Grapevine, TX",United States,US,city

2019-04-19 00:52:50,"Waterloo, Ontario",1313,2076,@DrWarsh @DocSchmadia @cpso_ca I have no idea. Darn you Samsung! *shakes fist to the sky*,"[[[-80.574116, 43.353845], [-80.3786908, 43.353845], [-80.3786908, 43.506635], [-80.574116, 43.506635]]]","Kitchener, Ontario",Canada,CA,city

2019-04-19 00:51:25,phuket,96,307,"From #incheonairport‚úà ‚ùÑ 
To #suvarnabhumiairport‚ô®Ô∏èüáπüá≠
To #phuketairportüåÖ
#hanriver‚õµÔ∏è #koreaairlineüõ¨üí∫ #koreakingdomüöÖüöâ‚Ä¶ https://t.co/2T4BLNbbUz","[[[100.7354437, 13.6467112], [100.7825042, 13.6467112], [100.7825042, 13.7165866], [100.7354437, 13.7165866]]]","Nong Prue, Thailand",Thailand,TH,city

2019-04-19 00:45:09,#IUP,758,888,"Boy trying to flirt: ""you know, I thought you were cute until I saw you had a samsung...bummer"" 

Me: ""it's going t‚Ä¶ https://t.co/D6nNZFnn2V","[[[-75.563587, 38.788657], [-73.88506, 38.788657], [-73.88506, 41.357424], [-75.563587, 41.357424]]]","New Jersey, USA",United States,US,admin

2019-04-19 00:28:51,World (Indonesia),2383,2389,"‚Ä¢
Man In Blue üïµ
‚Ä¢
‚Ä¢
üì∏ Samsung J2 Prime
‚Ä¢
‚Ä¢
#photography #photooftheday #picture #pictart #likeme #likers #likes‚Ä¶ https://t.co/VhwLMYITzU","[[[106.772307, -6.185643], [106.811502, -6.185643], [106.811502, -6.138046], [106.772307, -6.138046]]]","Grogol Petamburan, Indonesia",Indonesia,ID,city

2019-04-19 00:21:40,Oz,702,2653,This week a question was answered that for the life of me I can‚Äôt imagine anyone asking: ‚ÄúWhy can‚Äôt I fold my phone‚Ä¶ https://t.co/6qnoDxjZk8,"[[[-93.329515, 44.889964], [-93.194578, 44.889964], [-93.194578, 45.051257], [-93.329515, 45.051257]]]","Minneapolis, MN",United States,US,city

2019-04-19 00:20:18,"Brooklyn, NY",1278,1990,@orl3on @SamsungMobileUS @Samsung837 @Samsung Thank you üòéüòäüôè,"[[[-74.041878, 40.570842], [-73.855673, 40.570842], [-73.855673, 40.739434], [-74.041878, 40.739434]]]","Brooklyn, NY",United States,US,city

2019-04-19 00:07:24,NY made | NJ raised,1332,255,"Hoemantic.
#throwbackthursday #didntmakethecut #hopeless #pink #leo #lion #tattoos #samsung #simplestatment‚Ä¶ https://t.co/TODPaaHBsV","[[[-75.563587, 38.788657], [-73.88506, 38.788657], [-73.88506, 41.357424], [-75.563587, 41.357424]]]","New Jersey, USA",United States,US,admin

2019-04-18 23:50:29,"Los Angeles, CA",275,506,"Ultra Wide, Wide &amp; Telephoto.
Shot last week during NAB with the Samsung Galaxy S10 Plus in the native camera app.‚Ä¶ https://t.co/HHST8qhYSR","[[[-115.2092535, 35.984784], [-115.0610763, 35.984784], [-115.0610763, 36.137145], [-115.2092535, 36.137145]]]","Paradise, NV",United States,US,city

2019-04-18 23:40:00,"Los Angeles, CA",2083,1831,"@AVADirect Using AVA Direct's ‚Ä¢CLEVO P775TM1-G Core‚Ñ¢ Processor, Intel¬Æ Z370, 17.3"" 4K QFHD INTEL Core‚Ñ¢ i9-9900K 8-C‚Ä¶ https://t.co/niA2iwB4sX","[[[-118.250227, 33.732905], [-118.0631938, 33.732905], [-118.0631938, 33.885438], [-118.250227, 33.885438]]]","Long Beach, CA",United States,US,city

2019-04-18 23:37:53,"Chicago, IL",1601,709,"The line down the middle of the Samsung Galaxy ‚ÄúFold‚Äù would drive me bonkers.  Also, test your product before you s‚Ä¶ https://t.co/iDX3NTaVCO","[[[-88.097892, 37.771743], [-84.78458, 37.771743], [-84.78458, 41.761368], [-88.097892, 41.761368]]]","Indiana, USA",United States,US,admin

2019-04-18 23:35:33,"Shreveport, LA",77,103,The Samsung #GalaxyFold is having problems....I‚Äôm pretty sure #Samsung is going to straighten things out,"[[[-93.938883, 32.332455], [-93.679985, 32.332455], [-93.679985, 32.589759], [-93.938883, 32.589759]]]","Shreveport, LA",United States,US,city

2019-04-18 23:34:35,"Columbus, OH",483,631,"The Samsung Galaxy Fold phone looks pretty cool, not $1980 cool, but yea.","[[[-83.200169, 39.832013], [-82.7713751, 39.832013], [-82.7713751, 40.157354], [-83.200169, 40.157354]]]","Columbus, OH",United States,US,city

2019-04-18 23:33:55,Davao,255,205,"Dear Tim Cook, its high time to produce iPhones w high powered batteries that will last up to 3 days.‚Ä¶ https://t.co/GHtmupYfBR","[[[125.2148204, 6.9590062], [125.6717025, 6.9590062], [125.6717025, 7.6761592], [125.2148204, 7.6761592]]]","Davao City, Davao Region",Republic of the Philippines,PH,city

2019-04-18 23:31:25,,408,397,Samsung made a phone that folds in half and that shit fucked up already lol,"[[[-76.9482469, 34.85557], [-76.853819, 34.85557], [-76.853819, 34.952004], [-76.9482469, 34.952004]]]","Havelock, NC",United States,US,city

2019-04-18 23:26:46,D[M]V ‚úà Liberia üá±üá∑,411,378,"I‚Äôm loyal as hell to Apple, but the Samsung Galaxy S10 is like that! Thanks for having me spin at the‚Ä¶ https://t.co/vgagHP7kJB","[[[-77.02983330655366, 38.89336392360587], [-77.02983330655366, 38.89336392360587], [-77.02983330655366, 38.89336392360587], [-77.02983330655366, 38.89336392360587]]]",Woodrow Wilson Memorial Exhibit,United States,US,poi

2019-04-18 23:13:53,"üá¨üáßShrewsbury, United Kingdom",196,342,Samsung have rushed through an updated model of the Galaxy fold after the #foldgate debacle. And here it is in all‚Ä¶ https://t.co/a30uoxC02E,"[[[-2.814317, 52.683871], [-2.709902, 52.683871], [-2.709902, 52.7465945], [-2.814317, 52.7465945]]]","Shrewsbury, England",United Kingdom,GB,city

2019-04-18 23:02:18,Moscow,233,1126,@gwestr One word: Samsung. Case closed.,"[[[36.8878157, 55.4883244], [37.9674694, 55.4883244], [37.9674694, 56.0212511], [36.8878157, 56.0212511]]]","Moscow, Russia",Russia,RU,city

2019-04-18 22:57:49,876‚úàÔ∏è954,7840,502,"Venmo, PayPal, Apple Pay, google pay, zelle, Samsung pay. https://t.co/XEuTvpsGdv","[[[-90.285434, 29.969126], [-90.221258, 29.969126], [-90.221258, 30.049577], [-90.285434, 30.049577]]]","Kenner, LA",United States,US,city

2019-04-18 22:50:51,"London, England",15,66,#streetview city of #lisbon #hyperlapse made with #samsung #s9 onboard #skoda https://t.co/mwIgvINaLt,"[[[-9.2298264, 38.6913748], [-9.0901639, 38.6913748], [-9.0901639, 38.7958529], [-9.2298264, 38.7958529]]]","Lisbon, Portugal",Portugal,PT,city

2019-04-18 22:50:36,"Brooklyn, NY",1278,1990,@SamsungMobileUS All my favorite memories captured with Samsung. ‚ù§‚ù§ Thank you.,"[[[-74.041878, 40.570842], [-73.855673, 40.570842], [-73.855673, 40.739434], [-74.041878, 40.739434]]]","Brooklyn, NY",United States,US,city

2019-04-18 22:46:59,"Oak Lawn, IL",96,414,"I'm at Samsung Shipping in Romeoville, IL https://t.co/WFuxNRNMmH","[[[-88.163714, 41.5873431], [-88.028539, 41.5873431], [-88.028539, 41.684521], [-88.163714, 41.684521]]]","Romeoville, IL",United States,US,city

2019-04-18 22:34:08,"Seattle, WA",2003,4238,More bad PR for Samsung. Edelman is going to be busy helping them get out of this one https://t.co/JwUO68n5iu,"[[[-122.436232, 47.4953154], [-122.2249728, 47.4953154], [-122.2249728, 47.734319], [-122.436232, 47.734319]]]","Seattle, WA",United States,US,city

2019-04-18 22:30:02,Muscat / Dubai / LA,1707,991,Remember when you Samsung fans was like ‚ÄúWhat does Apple have?‚Äù When this came out? I ain‚Äôt forget. https://t.co/YPPcNoI7Rn,"[[[58.2624738, 23.4527047], [58.6658653, 23.4527047], [58.6658653, 23.6456132], [58.2624738, 23.6456132]]]","Muscat, Oman",Oman,OM,city

2019-04-18 22:22:19,"The Peninsula, CA",424,282,"Don't be shy. Score a job like ""Retail Sales-Samsung Electronics"" at Samsung Electronics by asking for referrals. I‚Ä¶ https://t.co/jBvVVMTaJK","[[[-122.303432, 37.47453], [-122.237163, 37.47453], [-122.237163, 37.521347], [-122.303432, 37.521347]]]","San Carlos, CA",United States,US,city

2019-04-18 22:21:05,"Brooklyn, NY",1278,1990,One of my favorites... #tbt #sunset #nature #beautiful #skies #photography #nofilterneeded #noedits #Samsung‚Ä¶ https://t.co/emjKjkfidl,"[[[-74.041878, 40.570842], [-73.855673, 40.570842], [-73.855673, 40.739434], [-74.041878, 40.739434]]]","Brooklyn, NY",United States,US,city

2019-04-18 22:14:47,"Gardnerville, NV",274,212,@_ryanfalk Must be a Samsung thing,"[[[-119.799065, 38.937493], [-119.748749, 38.937493], [-119.748749, 38.97601], [-119.799065, 38.97601]]]","Minden, NV",United States,US,city

2019-04-18 22:07:59,Barcelona,11,22,"Come on Samsung your better than this  

https://t.co/o30Vw7omCl","[[[150.520928608, -34.1183470085], [151.343020992, -34.1183470085], [151.343020992, -33.578140996], [150.520928608, -33.578140996]]]","Sydney, New South Wales",Australia,AU,city

2019-04-18 21:59:08,"Malmesbury, South Africa",16,104,"Last Batch went out today - picture taken with an old Samsung S4, still gives crisp pictures, can be better on the‚Ä¶ https://t.co/gS9pJxmUP3","[[[18.5572133, -33.944865], [18.6229821, -33.944865], [18.6229821, -33.8575372], [18.5572133, -33.8575372]]]","Parow, South Africa",South Africa,ZA,city

2019-04-18 21:50:08,"Kilkenny, Ireland",147,460,"One sec I‚Äôm just downloading Avicii Wake me up, from Tubidy on my Samsung Galaxy Mini","[[[-7.6733888, 52.2425457], [-6.9142322, 52.2425457], [-6.9142322, 52.8944269], [-7.6733888, 52.8944269]]]","Kilkenny, Ireland",Ireland,IE,city

2019-04-18 21:29:38,University of Surrey,218,375,Sigh Samsung,"[[[-0.080028, 51.48432], [0.009989, 51.48432], [0.009989, 51.545341], [-0.080028, 51.545341]]]","Poplar, London",United Kingdom,GB,city

2019-04-18 21:23:52,"Richmond, London",1094,783,"A lot of news about the Samsung folding phone having problems. Interestingly enough, the new Huawei equivalent look‚Ä¶ https://t.co/nW5NrKVNaG","[[[-0.39216, 51.391383], [-0.221832, 51.391383], [-0.221832, 51.489646], [-0.39216, 51.489646]]]","Richmond, London",United Kingdom,GB,city

2019-04-18 21:23:26,"Spring Hill, FL",118,394,"I have been using T-Mobile MONEY for a few weeks, and I'm STOKED that it's been launched nationwide today! Even bet‚Ä¶ https://t.co/llGpQm1mKq","[[[-82.6398828, 28.4336714], [-82.428825, 28.4336714], [-82.428825, 28.534024], [-82.6398828, 28.534024]]]","Spring Hill, FL",United States,US,city

2019-04-18 21:18:13,"Nebraska, USA",1745,2331,"#Samsung, do something about representing people in the world who are something other than pale and blonde.üë©‚Äçüëß Shak‚Ä¶ https://t.co/oSTigEo5GP","[[[-96.6396669, 40.375437], [-90.140061, 40.375437], [-90.140061, 43.50102], [-96.6396669, 43.50102]]]","Iowa, USA",United States,US,admin

2019-04-18 20:45:26,A record shop most probably...,1815,1435,"So #Samsung new #GalaxyFold has controversy already?
O - o 
https://t.co/nr1gEd7gRe","[[[1.6885818, 52.5492163], [1.7397919, 52.5492163], [1.7397919, 52.6408439], [1.6885818, 52.6408439]]]","Great Yarmouth, England",United Kingdom,GB,city

2019-04-18 20:39:42,San Francisco,1078,1014,Lmaoooo no way y‚Äôall think Samsung better than apple https://t.co/IZIZY1Z4KC,"[[[-122.514926, 37.708075], [-122.357031, 37.708075], [-122.357031, 37.833238], [-122.514926, 37.833238]]]","San Francisco, CA",United States,US,city

2019-04-18 20:31:32,Manchester/Leeds,301,253,@j0hnoski https://t.co/hF0OHqCAKM.  Save the money for some shoes xoxo,"[[[-1.706057, 53.7363694], [-1.424923, 53.7363694], [-1.424923, 53.867543], [-1.706057, 53.867543]]]","Leeds, England",United Kingdom,GB,city

2019-04-18 20:31:23,"Kabulonga & Amsterdam, Turkey",243,152,Best Samsung Galaxy creation so far. #1 smartphone currently. https://t.co/NXtCTLu2On,"[[[27.9483035, -25.9157727], [28.4198285, -25.9157727], [28.4198285, -25.5894376], [27.9483035, -25.5894376]]]","Pretoria, South Africa",South Africa,ZA,city

2019-04-18 20:30:36,"Crestwood, KY",564,407,"@BellaaMarieTV @KontrolFreek @opseat Samsung 32"" Curved","[[[-89.137059, 30.3517736], [-89.001207, 30.3517736], [-89.001207, 30.5002804], [-89.137059, 30.5002804]]]","Gulfport, MS",United States,US,city

2019-04-18 20:30:34,"EASTSIDE 412, PITTSBURGH",222,994,"CHECK OUT MY FULL REVIEW ON THE SAMSUNG GALAXY S10 PLUS 
CLICK THE LINK BELOW 

https://t.co/8QXBi8Ae7D @ Washingto‚Ä¶ https://t.co/lCe2S02CnK","[[[-80.327525, 40.131709], [-80.208588, 40.131709], [-80.208588, 40.200796], [-80.327525, 40.200796]]]","Washington, PA",United States,US,city

2019-04-18 20:28:23,"Dubai, United Arab Emirates",154,64,@tim_cook Dear Tim If this year #IPhoneSE2 will not come I will definitely switch to Samsung. üò¢ I waited almost 3 y‚Ä¶ https://t.co/lGwPWmOhcm,"[[[54.8939725, 24.6182526], [56.2083722, 24.6182526], [56.2083722, 25.3686719], [54.8939725, 25.3686719]]]","Dubai, United Arab Emirates",United Arab Emirates,AE,admin

2019-04-18 20:22:50,"EASTSIDE 412, PITTSBURGH",222,994,"CHECK OUT MY REVIEW ON THE SAMSUNG WATCH

CLICK THE LINK BELOW

https://t.co/ML803vR4Uv @ Washington, Pennsylvania https://t.co/9iSwfYTzh5","[[[-80.327525, 40.131709], [-80.208588, 40.131709], [-80.208588, 40.200796], [-80.327525, 40.200796]]]","Washington, PA",United States,US,city

2019-04-18 20:15:02,St.John's University,356,273,Rockaway Electronics &amp; Tax Services - #iphone #apple #samsung #photography #plus #love #instagood #like #iphonex‚Ä¶ https://t.co/BXH62XcyI2,"[[[-73.962582, 40.541722], [-73.699793, 40.541722], [-73.699793, 40.8000371], [-73.962582, 40.8000371]]]","Queens, NY",United States,US,city

2019-04-18 20:11:35,"Buccleuch, Sandton ",67,153,The Samsung A9 is a very solid handset.,"[[[27.9829939, -26.1362658], [28.1382322, -26.1362658], [28.1382322, -25.9811502], [27.9829939, -25.9811502]]]","Sandton, South Africa",South Africa,ZA,city

2019-04-18 20:10:24,"Brea, California",35,40,The new Samsung Galaxy Fold smartphones having screen breaking issues. Many reports have flooded the internet havin‚Ä¶ https://t.co/OvhSRvXLyj,"[[[-117.9287892, 33.905579], [-117.800848, 33.905579], [-117.800848, 33.947725], [-117.9287892, 33.947725]]]","Brea, CA",United States,US,city

2019-04-18 20:10:02,"Englewood Cliffs, NJ",6907,974,@MKBHD @stevekovach well you're sort of defending Samsung by suggesting our unit was damaged somehow during the rev‚Ä¶ https://t.co/sK4tyYBfnD,"[[[-74.026675, 40.683935], [-73.910408, 40.683935], [-73.910408, 40.877483], [-74.026675, 40.877483]]]","Manhattan, NY",United States,US,city

2019-04-18 20:08:29,All Ova Southern Cali,1266,1569,"@AMushroomQueen @DineandDish @SamsungUS @firstbuild Smh.ü§¶üèæ‚Äç‚ôÇÔ∏è I looked at the Samsung and loved it for the ""bells &amp;‚Ä¶ https://t.co/t8lesGVrT7","[[[-117.895753, 34.00286], [-117.825003, 34.00286], [-117.825003, 34.0634244], [-117.895753, 34.0634244]]]","Walnut, CA",United States,US,city

2019-04-18 20:05:15,"Englewood Cliffs, NJ",6907,974,"@MKBHD Hi Marques, just a correction for your video -- those photos I took (I'm the CNBC reviewer who tweeted them)‚Ä¶ https://t.co/cmb1Hy7z2W","[[[-74.026675, 40.683935], [-73.910408, 40.683935], [-73.910408, 40.877483], [-74.026675, 40.877483]]]","Manhattan, NY",United States,US,city

2019-04-18 20:00:42,Error 404 can't get location ,680,1177,"When I receive my first 33k allawee, I already have strategic plans. (1) I'll buy a car for my mom (2) I'll buy 10‚Ä¶ https://t.co/HwFlS5K02n","[[[3.7770114, 7.2991429], [4.0335816, 7.2991429], [4.0335816, 7.5590064], [3.7770114, 7.5590064]]]","Ibadan, Nigeria",Nigeria,NG,city

2019-04-18 19:58:44,"Reno, NV",58,184,"Sucks that these phones are breaking. I‚Äôm still rooting for Samsung, or another company to make this technology wor‚Ä¶ https://t.co/pKsqeT6Muz","[[[-119.953849, 39.350749], [-119.700515, 39.350749], [-119.700515, 39.674123], [-119.953849, 39.674123]]]","Reno, NV",United States,US,city

2019-04-18 19:55:41,"Cinnaminson, NJ",172,253,‚ÄúYou‚Äôre folding it wrong.‚Äù - Samsung,"[[[-75.029462, 39.96743], [-74.958395, 39.96743], [-74.958395, 40.032623], [-75.029462, 40.032623]]]","Cinnaminson, NJ",United States,US,city

2019-04-18 19:53:52,Southern California,565,725,"Man, I missed this place. The best burrito in K-town. Damn, they're good.
.
#samsung #s10+ #nofilters @ Marielas Ta‚Ä¶ https://t.co/mJvvSzlM1d","[[[-118.668404, 33.704538], [-118.155409, 33.704538], [-118.155409, 34.337041], [-118.668404, 34.337041]]]","Los Angeles, CA",United States,US,city

2019-04-18 19:53:08,United States,3905,3708,"Bluetooth Smart Watch Fitness Tracker, Touch Screen Smart Wrist Smartwatch Support SIM SD Card Slot Make/Answer Pho‚Ä¶ https://t.co/3Akv8sJaES","[[[-179.231086, 13.182335], [179.859685, 13.182335], [179.859685, 71.434357], [-179.231086, 71.434357]]]",United States,United States,US,country

2019-04-18 19:47:08,"Dublin, Ireland",5920,673,"@adrianweckler The upside for Samsung is they have experience in global PR disasters, so they're going to be all over this one.","[[[-0.104501, 51.518605], [-0.015834, 51.518605], [-0.015834, 51.5766844], [-0.104501, 51.5766844]]]","Hackney, London",United Kingdom,GB,city

2019-04-18 19:36:26,,441,417,Samsung is so hit or miss good lord. How can something like this happen? https://t.co/UANZo7QCub,"[[[-97.928935, 30.127892], [-97.5805133, 30.127892], [-97.5805133, 30.5187994], [-97.928935, 30.5187994]]]","Austin, TX",United States,US,city

2019-04-18 19:32:23,United States,3905,3708,"Universal Cell Phone Lanyard Holder, Silicone Neck Strap Smartphone Case for iPhone Xs Max XR X 8 7 6S Plus Samsung‚Ä¶ https://t.co/rz5hQHd82X","[[[-179.231086, 13.182335], [179.859685, 13.182335], [179.859685, 71.434357], [-179.231086, 71.434357]]]",United States,United States,US,country

2019-04-18 19:30:26,cousin subs,68,3,@Djilo261 @Samsung 6 million dead clowns,"[[[-87.634643, 24.396308], [-79.974307, 24.396308], [-79.974307, 31.001056], [-87.634643, 31.001056]]]","Florida, USA",United States,US,admin

2019-04-18 19:18:51,@espu_arena @ValeKiiLz @Qwoten,1476,576,"Check out what I'm selling on letgo! https://t.co/voK5e5Za1M
 - 1ms 4K Samsung Monitor","[[[-83.046309, 35.4432851], [-82.96135, 35.4432851], [-82.96135, 35.52031], [-83.046309, 35.52031]]]","Waynesville, NC",United States,US,city

2019-04-18 19:18:26,United States,3905,3708,"Samsung Galaxy Tab E Lite 7"" WSVGA TFT (1024 x 600) Touchscreen Display Tablet PC | Quad-Core Processor | 1GB DDR3‚Ä¶ https://t.co/J3sHhisd6k","[[[-179.231086, 13.182335], [179.859685, 13.182335], [179.859685, 71.434357], [-179.231086, 71.434357]]]",United States,United States,US,country

2019-04-18 19:18:15,"Windsor, CO",53,129,"We‚Äôll have to see once more units are sent out to the public, but it looks like #Samsung might have tried to releas‚Ä¶ https://t.co/5d9UG2jjYo","[[[-105.008977, 40.436985], [-104.874051, 40.436985], [-104.874051, 40.492648], [-105.008977, 40.492648]]]","Windsor, CO",United States,US,city

2019-04-18 19:14:10,Lagos,6235,6438,Samsung make nice Televisions https://t.co/ZpGvMlXFBc,"[[[2.7063037, 6.3703877], [4.350022, 6.3703877], [4.350022, 6.6985461], [2.7063037, 6.6985461]]]","Lagos, Nigeria",Nigeria,NG,admin

2019-04-18 19:07:37,South Carolina,173,116,"See our latest #Simpsonville, SC #FacilitiesMgmt job opportunity and click the link in our bio to apply: Custodial‚Ä¶ https://t.co/C24RXEZ6EW","[[[-82.356456, 34.6513622], [-82.199237, 34.6513622], [-82.199237, 34.786946], [-82.356456, 34.786946]]]","Simpsonville, SC",United States,US,city

2019-04-18 19:07:22,USA,2223,2244,"Samsung whistle tone sung by cockatiel!                  #Birds
https://t.co/NuObdjDx7z","[[[-73.164245, 41.147132], [-73.088173, 41.147132], [-73.088173, 41.268524], [-73.164245, 41.268524]]]","Stratford, CT",United States,US,city

2019-04-18 19:03:32,"London, England",748,2621,Probably get about one vote. Samsung ain't half shit picking up WiFi. Only an observation. Apple seems to whack it‚Ä¶ https://t.co/N1kdxODvXf,"[[[-0.3229167, 51.3428601], [-0.234011, 51.3428601], [-0.234011, 51.437266], [-0.3229167, 51.437266]]]","Kingston upon Thames, London",United Kingdom,GB,city

2019-04-18 19:00:38,Naples Fl. via Youngstown Oh.,10013,9316,My neighbor justlost her iphone 10 . Laid it on the counter at 7 11 for 5 seconds and some prick stole it. She saw‚Ä¶ https://t.co/3CjhrGduqc,"[[[-87.634643, 24.396308], [-79.974307, 24.396308], [-79.974307, 31.001056], [-87.634643, 31.001056]]]","Florida, USA",United States,US,admin

2019-04-18 18:52:13,"Cape Town, South Africa",427,1767,"@MrPatCake That said, the current iteration really doesn't have any appeal to me. Having a six inch screen myself f‚Ä¶ https://t.co/DR8d9E316V","[[[18.3180332, -34.35839], [18.6600898, -34.35839], [18.6600898, -33.8849254], [18.3180332, -33.8849254]]]","Cape Town, South Africa",South Africa,ZA,city

2019-04-18 18:52:12,"Glasgow, Scotland",249,568,"Near the foot of the mountain
.
.
.
.
.
#hiking #hikingadventures #scotland #visitscotland #igscotland #mountain‚Ä¶ https://t.co/1YQ94pAANC","[[[-7.66085699743185, 54.6336309570711], [-0.740025000483186, 54.6336309570711], [-0.740025000483186, 60.8452769694519], [-7.66085699743185, 60.8452769694519]]]","Scotland, United Kingdom",United Kingdom,GB,admin

2019-04-18 18:50:51,"Danbury, CT",287,299,@angeliKITTYx @SamsungSupport Woman. Come to the dark side and get a freaking @Apple product.  We won‚Äôt try to kill you like Samsung does!,"[[[-73.753788, 40.959134], [-73.684613, 40.959134], [-73.684613, 41.079457], [-73.753788, 41.079457]]]","Harrison, NY",United States,US,city

